<?xml version="1.0"?>

<extension>
	<id>27c41cec-d568-4c78-94c6-6d84f3aa259a</id>
	<name>PLUGIN_HISTORY</name>
	<module>Plugins::History::Plugin</module>
	<version>1.5.0</version>
	<description>PLUGIN_HISTORY_DESC</description>
	<icon>html/images/playlists.png</icon>
	<creator>Sven</creator>
	<email>sveninndh@gmail.com</email>
	<defaultState>enabled</defaultState>
	<homepageURL></homepageURL>
	<optionsURL>plugins/History/settings/basic.html</optionsURL>
	<type>2</type><!-- type=extension -->
	<targetApplication>
		<id>SqueezeCenter</id>
		<minVersion>7.9</minVersion>
		<maxVersion>*</maxVersion>
	</targetApplication>
</extension>
