<?xml version="1.0"?>
<extension>
	<id>66C1A24B-02A3-D153-AF52-FD3159753CAC</id>
	<name>PLUGIN_QOBUZ</name>
	<module>Plugins::Qobuz::Plugin</module>
	<importmodule>Plugins::Qobuz::Importer</importmodule>
	<onlineLibrary>true</onlineLibrary>
	<category>musicservices</category>

	<version>30.5.4</version>
	<description>PLUGIN_QOBUZ_DESC</description>
	<creator>Pierre Beck / Michael Herger / darrell / SamY / SvenInNdh</creator>
	<email>sveninndh@gmail.com</email>
	<defaultState>enabled</defaultState>
	<icon>plugins/Qobuz/html/images/qobuz.png</icon>
	<optionsURL>plugins/Qobuz/settings/basic.html</optionsURL>

	<homepageURL>http://forums.slimdevices.com/showthread.php?97146-Qobuz-com-streaming-plugin</homepageURL>
	<aid>3934323835323536373736313733306433663935653461663039616336336239613337636363393661393530303936393633</aid>
	<type>2</type><!-- type=extension -->

	<targetApplication>
		<id>SqueezeCenter</id>
		<minVersion>8.0</minVersion>
		<maxVersion>*</maxVersion>
	</targetApplication>

</extension>
